{"_step":51,"improved/bias_estimate":0,"_runtime":48,"improved/delta":0.1,"_wandb":{"runtime":48},"train/step":0.2,"eval/return":19.927191916862046,"_timestamp":1.760411034620517e+09,"eval/cost":619.94}