{"eval/return":20.740244204526377,"train/step":80,"_wandb":{"runtime":74},"_timestamp":1.7604113624738903e+09,"_runtime":74,"_step":3,"improved/delta":0.1,"improved/bias_estimate":0,"eval/cost":650.66}